Workbook

Sheet 설정
A1: 유어팀 마진 계산기 — 설정 | F1: 여기 값을 바꾸면 쇼피·큐텐·일괄계산 시트가 한꺼번에 다시 계산됩니다.
A3: 공통 비용
A4: 상품명 | C4: 샘플 상품
A5: 상품원가 (원) | C5: 12000 | D5: 매입가. 부가세 환급을 반영하려면 공급가액으로
A6: 국내배송비 (원) | C6: 3000 | D6: 국내 집하까지
A7: 포장비 (원) | C7: 800 | D7: 박스·완충재·라벨
A8: 개당 광고비 (원) | C8: 1500 | D8: 광고비 ÷ 예상 판매수량
A9: 반품률 | C9: 0.03 | D9: 반품 시 원가·배송비를 회수 못 한다고 봄
A10: 목표 마진율 | C10: 0.2 | D10: 판매가 역산에 사용
A13: 환율 (1통화 = ? 원)
A14: 통화 | B14: 원화 | C14: 메모 | F14: 환율은 매일 바뀝니다. https://margin.ur-team.com 왼쪽 사이드바에 실시간 환율이 떠 있으니 그 값을 여기에 옮겨 적으면 가장 정확합니다. 쇼피 시트의 환율 칸은 이 표를 자동으로 찾아옵니다. 큐텐 시트는 JPY 행을 봅니다.
A15: SGD | B15: 1070 | C15: 싱가포르 달러
A16: MYR | B16: 330 | C16: 말레이시아 링깃
A17: THB | B17: 42 | C17: 태국 바트
A18: PHP | B18: 24 | C18: 필리핀 페소
A19: VND | B19: 0.055 | C19: 베트남 동
A20: TWD | B20: 44 | C20: 대만 달러
A21: BRL | B21: 250 | C21: 브라질 헤알
A22: MXN | B22: 72 | C22: 멕시코 페소
A23: JPY | B23: 9.3 | C23: 일본 엔 — 큐텐 재팬이 참조
A24: USD | B24: 1380 | C24: 미국 달러
A26: 노랑 = 직접 입력 · 파랑 = 설정 시트에서 가져옴(덮어써도 됨) · 회색 = 자동 계산

Sheet 쇼피 국가별
A1: 쇼피(Shopee) 국가별 마진 비교 | H1: 상품원가·국내배송비·포장비·광고비·반품률은 [설정] 시트에서 가져옵니다.
A3: 설정에서 가져온 공통값
A4: 상품원가 | B4: ='설정'!$C$5 | C4: 국내배송비 | D4: ='설정'!$C$6 | E4: 포장비 | F4: ='설정'!$C$7 | G4: 광고비 | H4: ='설정'!$C$8 | I4: 반품률 | J4: ='설정'!$C$9 | K4: 목표마진 | L4: ='설정'!$C$10
A6: 국가 | B6: 통화 | C6: 환율 (자동) | D6: 판매가격 (현지통화) | E6: 국제배송비 (원) | F6: 판매 수수료율 | G6: 결제 수수료율 | H6: 기타비용 (원) | I6: 판매가격 (원) | J6: 쇼피 수수료 (원) | K6: 총비용 (원) | L6: 순이익 (원) | M6: 마진율 | N6: ROI | O6: 손익분기가 (현지통화) | P6: 목표마진 판매가 (현지통화)
A7: 싱가포르 | B7: SGD | C7: =IFERROR(VLOOKUP(B7,'설정'!$A$15:$B$24,2,FALSE),0) | D7: 31 | E7: 6000 | F7: 0.06 | G7: 0.02 | H7: 0 | I7: =D7*C7 | J7: =I7*(F7+G7) | K7: ='설정'!$C$5+'설정'!$C$6+'설정'!$C$7+'설정'!$C$8+E7+J7+H7+'설정'!$C$9*('설정'!$C$5+'설정'!$C$6+'설정'!$C$7+E7+J7) | L7: =I7-K7 | M7: =IF(I7=0,"",L7/I7) | N7: =IF(('설정'!$C$5+'설정'!$C$6+'설정'!$C$7+'설정'!$C$8+E7)=0,"",L7/('설정'!$C$5+'설정'!$C$6+'설정'!$C$7+'설정'!$C$8+E7)) | O7: =IFERROR(('설정'!$C$5+'설정'!$C$6+'설정'!$C$7+'설정'!$C$8+E7+H7)+'설정'!$C$9*('설정'!$C$5+'설정'!$C$6+'설정'!$C$7+E7)/(1-(F7+G7)*(1+'설정'!$C$9))/C7,"") | P7: =IFERROR(('설정'!$C$5+'설정'!$C$6+'설정'!$C$7+'설정'!$C$8+E7+H7)+'설정'!$C$9*('설정'!$C$5+'설정'!$C$6+'설정'!$C$7+E7)/(1-(F7+G7)*(1+'설정'!$C$9)-'설정'!$C$10)/C7,"")
A8: 말레이시아 | B8: MYR | C8: =IFERROR(VLOOKUP(B8,'설정'!$A$15:$B$24,2,FALSE),0) | D8: 100 | E8: 6000 | F8: 0.08 | G8: 0.02 | H8: 0 | I8: =D8*C8 | J8: =I8*(F8+G8) | K8: ='설정'!$C$5+'설정'!$C$6+'설정'!$C$7+'설정'!$C$8+E8+J8+H8+'설정'!$C$9*('설정'!$C$5+'설정'!$C$6+'설정'!$C$7+E8+J8) | L8: =I8-K8 | M8: =IF(I8=0,"",L8/I8) | N8: =IF(('설정'!$C$5+'설정'!$C$6+'설정'!$C$7+'설정'!$C$8+E8)=0,"",L8/('설정'!$C$5+'설정'!$C$6+'설정'!$C$7+'설정'!$C$8+E8)) | O8: =IFERROR(('설정'!$C$5+'설정'!$C$6+'설정'!$C$7+'설정'!$C$8+E8+H8)+'설정'!$C$9*('설정'!$C$5+'설정'!$C$6+'설정'!$C$7+E8)/(1-(F8+G8)*(1+'설정'!$C$9))/C8,"") | P8: =IFERROR(('설정'!$C$5+'설정'!$C$6+'설정'!$C$7+'설정'!$C$8+E8+H8)+'설정'!$C$9*('설정'!$C$5+'설정'!$C$6+'설정'!$C$7+E8)/(1-(F8+G8)*(1+'설정'!$C$9)-'설정'!$C$10)/C8,"")
A9: 태국 | B9: THB | C9: =IFERROR(VLOOKUP(B9,'설정'!$A$15:$B$24,2,FALSE),0) | D9: 790 | E9: 6000 | F9: 0.09 | G9: 0.03 | H9: 0 | I9: =D9*C9 | J9: =I9*(F9+G9) | K9: ='설정'!$C$5+'설정'!$C$6+'설정'!$C$7+'설정'!$C$8+E9+J9+H9+'설정'!$C$9*('설정'!$C$5+'설정'!$C$6+'설정'!$C$7+E9+J9) | L9: =I9-K9 | M9: =IF(I9=0,"",L9/I9) | N9: =IF(('설정'!$C$5+'설정'!$C$6+'설정'!$C$7+'설정'!$C$8+E9)=0,"",L9/('설정'!$C$5+'설정'!$C$6+'설정'!$C$7+'설정'!$C$8+E9)) | O9: =IFERROR(('설정'!$C$5+'설정'!$C$6+'설정'!$C$7+'설정'!$C$8+E9+H9)+'설정'!$C$9*('설정'!$C$5+'설정'!$C$6+'설정'!$C$7+E9)/(1-(F9+G9)*(1+'설정'!$C$9))/C9,"") | P9: =IFERROR(('설정'!$C$5+'설정'!$C$6+'설정'!$C$7+'설정'!$C$8+E9+H9)+'설정'!$C$9*('설정'!$C$5+'설정'!$C$6+'설정'!$C$7+E9)/(1-(F9+G9)*(1+'설정'!$C$9)-'설정'!$C$10)/C9,"")
A10: 필리핀 | B10: PHP | C10: =IFERROR(VLOOKUP(B10,'설정'!$A$15:$B$24,2,FALSE),0) | D10: 1380 | E10: 6000 | F10: 0.08 | G10: 0.02 | H10: 0 | I10: =D10*C10 | J10: =I10*(F10+G10) | K10: ='설정'!$C$5+'설정'!$C$6+'설정'!$C$7+'설정'!$C$8+E10+J10+H10+'설정'!$C$9*('설정'!$C$5+'설정'!$C$6+'설정'!$C$7+E10+J10) | L10: =I10-K10 | M10: =IF(I10=0,"",L10/I10) | N10: =IF(('설정'!$C$5+'설정'!$C$6+'설정'!$C$7+'설정'!$C$8+E10)=0,"",L10/('설정'!$C$5+'설정'!$C$6+'설정'!$C$7+'설정'!$C$8+E10)) | O10: =IFERROR(('설정'!$C$5+'설정'!$C$6+'설정'!$C$7+'설정'!$C$8+E10+H10)+'설정'!$C$9*('설정'!$C$5+'설정'!$C$6+'설정'!$C$7+E10)/(1-(F10+G10)*(1+'설정'!$C$9))/C10,"") | P10: =IFERROR(('설정'!$C$5+'설정'!$C$6+'설정'!$C$7+'설정'!$C$8+E10+H10)+'설정'!$C$9*('설정'!$C$5+'설정'!$C$6+'설정'!$C$7+E10)/(1-(F10+G10)*(1+'설정'!$C$9)-'설정'!$C$10)/C10,"")
A11: 베트남 | B11: VND | C11: =IFERROR(VLOOKUP(B11,'설정'!$A$15:$B$24,2,FALSE),0) | D11: 600000 | E11: 6000 | F11: 0.1 | G11: 0.025 | H11: 0 | I11: =D11*C11 | J11: =I11*(F11+G11) | K11: ='설정'!$C$5+'설정'!$C$6+'설정'!$C$7+'설정'!$C$8+E11+J11+H11+'설정'!$C$9*('설정'!$C$5+'설정'!$C$6+'설정'!$C$7+E11+J11) | L11: =I11-K11 | M11: =IF(I11=0,"",L11/I11) | N11: =IF(('설정'!$C$5+'설정'!$C$6+'설정'!$C$7+'설정'!$C$8+E11)=0,"",L11/('설정'!$C$5+'설정'!$C$6+'설정'!$C$7+'설정'!$C$8+E11)) | O11: =IFERROR(('설정'!$C$5+'설정'!$C$6+'설정'!$C$7+'설정'!$C$8+E11+H11)+'설정'!$C$9*('설정'!$C$5+'설정'!$C$6+'설정'!$C$7+E11)/(1-(F11+G11)*(1+'설정'!$C$9))/C11,"") | P11: =IFERROR(('설정'!$C$5+'설정'!$C$6+'설정'!$C$7+'설정'!$C$8+E11+H11)+'설정'!$C$9*('설정'!$C$5+'설정'!$C$6+'설정'!$C$7+E11)/(1-(F11+G11)*(1+'설정'!$C$9)-'설정'!$C$10)/C11,"")
A12: 대만 | B12: TWD | C12: =IFERROR(VLOOKUP(B12,'설정'!$A$15:$B$24,2,FALSE),0) | D12: 750 | E12: 6000 | F12: 0.08 | G12: 0.02 | H12: 0 | I12: =D12*C12 | J12: =I12*(F12+G12) | K12: ='설정'!$C$5+'설정'!$C$6+'설정'!$C$7+'설정'!$C$8+E12+J12+H12+'설정'!$C$9*('설정'!$C$5+'설정'!$C$6+'설정'!$C$7+E12+J12) | L12: =I12-K12 | M12: =IF(I12=0,"",L12/I12) | N12: =IF(('설정'!$C$5+'설정'!$C$6+'설정'!$C$7+'설정'!$C$8+E12)=0,"",L12/('설정'!$C$5+'설정'!$C$6+'설정'!$C$7+'설정'!$C$8+E12)) | O12: =IFERROR(('설정'!$C$5+'설정'!$C$6+'설정'!$C$7+'설정'!$C$8+E12+H12)+'설정'!$C$9*('설정'!$C$5+'설정'!$C$6+'설정'!$C$7+E12)/(1-(F12+G12)*(1+'설정'!$C$9))/C12,"") | P12: =IFERROR(('설정'!$C$5+'설정'!$C$6+'설정'!$C$7+'설정'!$C$8+E12+H12)+'설정'!$C$9*('설정'!$C$5+'설정'!$C$6+'설정'!$C$7+E12)/(1-(F12+G12)*(1+'설정'!$C$9)-'설정'!$C$10)/C12,"")
A13: 브라질 | B13: BRL | C13: =IFERROR(VLOOKUP(B13,'설정'!$A$15:$B$24,2,FALSE),0) | D13: 132 | E13: 6000 | F13: 0.2 | G13: 0.02 | H13: 0 | I13: =D13*C13 | J13: =I13*(F13+G13) | K13: ='설정'!$C$5+'설정'!$C$6+'설정'!$C$7+'설정'!$C$8+E13+J13+H13+'설정'!$C$9*('설정'!$C$5+'설정'!$C$6+'설정'!$C$7+E13+J13) | L13: =I13-K13 | M13: =IF(I13=0,"",L13/I13) | N13: =IF(('설정'!$C$5+'설정'!$C$6+'설정'!$C$7+'설정'!$C$8+E13)=0,"",L13/('설정'!$C$5+'설정'!$C$6+'설정'!$C$7+'설정'!$C$8+E13)) | O13: =IFERROR(('설정'!$C$5+'설정'!$C$6+'설정'!$C$7+'설정'!$C$8+E13+H13)+'설정'!$C$9*('설정'!$C$5+'설정'!$C$6+'설정'!$C$7+E13)/(1-(F13+G13)*(1+'설정'!$C$9))/C13,"") | P13: =IFERROR(('설정'!$C$5+'설정'!$C$6+'설정'!$C$7+'설정'!$C$8+E13+H13)+'설정'!$C$9*('설정'!$C$5+'설정'!$C$6+'설정'!$C$7+E13)/(1-(F13+G13)*(1+'설정'!$C$9)-'설정'!$C$10)/C13,"")
A14: 멕시코 | B14: MXN | C14: =IFERROR(VLOOKUP(B14,'설정'!$A$15:$B$24,2,FALSE),0) | D14: 460 | E14: 6000 | F14: 0.16 | G14: 0.02 | H14: 0 | I14: =D14*C14 | J14: =I14*(F14+G14) | K14: ='설정'!$C$5+'설정'!$C$6+'설정'!$C$7+'설정'!$C$8+E14+J14+H14+'설정'!$C$9*('설정'!$C$5+'설정'!$C$6+'설정'!$C$7+E14+J14) | L14: =I14-K14 | M14: =IF(I14=0,"",L14/I14) | N14: =IF(('설정'!$C$5+'설정'!$C$6+'설정'!$C$7+'설정'!$C$8+E14)=0,"",L14/('설정'!$C$5+'설정'!$C$6+'설정'!$C$7+'설정'!$C$8+E14)) | O14: =IFERROR(('설정'!$C$5+'설정'!$C$6+'설정'!$C$7+'설정'!$C$8+E14+H14)+'설정'!$C$9*('설정'!$C$5+'설정'!$C$6+'설정'!$C$7+E14)/(1-(F14+G14)*(1+'설정'!$C$9))/C14,"") | P14: =IFERROR(('설정'!$C$5+'설정'!$C$6+'설정'!$C$7+'설정'!$C$8+E14+H14)+'설정'!$C$9*('설정'!$C$5+'설정'!$C$6+'설정'!$C$7+E14)/(1-(F14+G14)*(1+'설정'!$C$9)-'설정'!$C$10)/C14,"")
A16: 노랑 = 직접 입력 · 파랑 = 설정 시트에서 가져옴(덮어써도 됨) · 회색 = 자동 계산
A17: 수수료율은 기본값입니다. 카테고리·프로모션·셀러 등급에 따라 달라지므로 쇼피 셀러센터의 실제 요율로 바꿔서 쓰세요.

Sheet 큐텐 재팬
A1: 큐텐(Qoo10) 재팬 마진 계산 | F1: 순이익 = 판매가격 − 상품원가 − 국제배송비 − 포장비 − 큐텐수수료 − 기타비용
A3: 입력
A4: 환율 (1엔 = ? 원) | C4: ='설정'!$B$23 | D4: 설정 시트 JPY 행
A5: 판매가격 (엔) | C5: 3980 | D5: 큐텐 등록가
A6: 상품원가 (원) | C6: ='설정'!$C$5 | D6: 설정에서 가져옴
A7: 국제배송비 (원) | C7: 6000 | D7: 개당 일본 배송비
A8: 포장비 (원) | C8: ='설정'!$C$7 | D8: 설정에서 가져옴
A9: 큐텐 수수료율 | C9: 0.1 | D9: 판매수수료 + 결제수수료
A10: 기타비용 (원) | C10: 0 | D10: 광고·쿠폰 부담금 등
A11: 목표 마진율 | C11: ='설정'!$C$10 | D11: 설정에서 가져옴
A14: 결과
A15: 판매가격 (원) | C15: =C5*C4
A16: 큐텐 수수료 (원) | C16: =C15*C9
A17: 총비용 (원) | C17: =C6+C7+C8+C16+C10
A18: 순이익 (원) | C18: =C15-C17
A19: 마진율 | C19: =IF(C15=0,"",C18/C15)
A20: ROI | C20: =IF((C6+C7+C8+C10)=0,"",C18/(C6+C7+C8+C10))
A21: 순이익 (엔) | C21: =IF(C4=0,"",C18/C4)
A23: 판매가 역산
A24: 손익분기 판매가 (엔) | C24: =IFERROR((C6+C7+C8+C10)/(1-C9)/C4,"") | D24: 이 값보다 낮게 팔면 적자
A25: 목표마진 달성 판매가 (엔) | C25: =IFERROR((C6+C7+C8+C10)/(1-C9-C11)/C4,"") | D25: 설정의 목표 마진율을 맞추는 가격
A26: 손익분기 환율 (1엔=?원) | C26: =IFERROR((C6+C7+C8+C10)/(1-C9)/C5,"") | D26: 환율이 이 아래로 떨어지면 지금 판매가로는 적자 — 엔저 방어선
A28: 노랑 = 직접 입력 · 파랑 = 설정 시트에서 가져옴(덮어써도 됨) · 회색 = 자동 계산
A29: 수수료율 10%는 예시입니다. 큐텐 판매수수료는 카테고리마다 다르고 결제수수료가 따로 붙을 수 있으니 셀러오피스의 실제 요율을 넣어 주세요.

Sheet 상품 일괄계산
A1: 상품 일괄계산 | F1: 플랫폼과 통화를 섞어서 한 번에 비교할 수 있습니다. 환율은 통화만 고르면 [설정] 시트에서 자동으로 찾아옵니다.
A4: 상품명 | B4: 플랫폼 | C4: 통화 | D4: 판매가격 (현지통화) | E4: 환율 (자동) | F4: 상품원가 (원) | G4: 국제배송비 (원) | H4: 포장비 (원) | I4: 수수료율 | J4: 기타비용 (원) | K4: 판매가격 (원) | L4: 수수료 (원) | M4: 총비용 (원) | N4: 순이익 (원) | O4: 마진율 | P4: ROI
A5: 샘플 A — 쇼피 싱가포르 | B5: 쇼피 | C5: SGD | D5: 31 | E5: =IF(C5="","",IFERROR(VLOOKUP(C5,'설정'!$A$15:$B$24,2,FALSE),0)) | F5: 12000 | G5: 6000 | H5: 800 | I5: 0.08 | J5: 0 | K5: =IF(OR(A5="",D5=""),"",D5*E5) | L5: =IF(OR(A5="",D5=""),"",K5*I5) | M5: =IF(OR(A5="",D5=""),"",F5+G5+H5+L5+J5) | N5: =IF(OR(A5="",D5=""),"",K5-M5) | O5: =IF(OR(A5="",K5=0,K5=""),"",N5/K5) | P5: =IF(OR(A5="",(F5+G5+H5+J5)=0),"",N5/(F5+G5+H5+J5))
A6: 샘플 B — 큐텐 재팬 | B6: 큐텐 | C6: JPY | D6: 3980 | E6: =IF(C6="","",IFERROR(VLOOKUP(C6,'설정'!$A$15:$B$24,2,FALSE),0)) | F6: 12000 | G6: 6000 | H6: 800 | I6: 0.1 | J6: 0 | K6: =IF(OR(A6="",D6=""),"",D6*E6) | L6: =IF(OR(A6="",D6=""),"",K6*I6) | M6: =IF(OR(A6="",D6=""),"",F6+G6+H6+L6+J6) | N6: =IF(OR(A6="",D6=""),"",K6-M6) | O6: =IF(OR(A6="",K6=0,K6=""),"",N6/K6) | P6: =IF(OR(A6="",(F6+G6+H6+J6)=0),"",N6/(F6+G6+H6+J6))
A7: 샘플 C — 쇼피 태국 | B7: 쇼피 | C7: THB | D7: 790 | E7: =IF(C7="","",IFERROR(VLOOKUP(C7,'설정'!$A$15:$B$24,2,FALSE),0)) | F7: 7000 | G7: 4500 | H7: 500 | I7: 0.12 | J7: 0 | K7: =IF(OR(A7="",D7=""),"",D7*E7) | L7: =IF(OR(A7="",D7=""),"",K7*I7) | M7: =IF(OR(A7="",D7=""),"",F7+G7+H7+L7+J7) | N7: =IF(OR(A7="",D7=""),"",K7-M7) | O7: =IF(OR(A7="",K7=0,K7=""),"",N7/K7) | P7: =IF(OR(A7="",(F7+G7+H7+J7)=0),"",N7/(F7+G7+H7+J7))
E8: =IF(C8="","",IFERROR(VLOOKUP(C8,'설정'!$A$15:$B$24,2,FALSE),0)) | F8: ='설정'!$C$5 | G8: 6000 | H8: ='설정'!$C$7 | I8: 0.1 | J8: 0 | K8: =IF(OR(A8="",D8=""),"",D8*E8) | L8: =IF(OR(A8="",D8=""),"",K8*I8) | M8: =IF(OR(A8="",D8=""),"",F8+G8+H8+L8+J8) | N8: =IF(OR(A8="",D8=""),"",K8-M8) | O8: =IF(OR(A8="",K8=0,K8=""),"",N8/K8) | P8: =IF(OR(A8="",(F8+G8+H8+J8)=0),"",N8/(F8+G8+H8+J8))
E9: =IF(C9="","",IFERROR(VLOOKUP(C9,'설정'!$A$15:$B$24,2,FALSE),0)) | F9: ='설정'!$C$5 | G9: 6000 | H9: ='설정'!$C$7 | I9: 0.1 | J9: 0 | K9: =IF(OR(A9="",D9=""),"",D9*E9) | L9: =IF(OR(A9="",D9=""),"",K9*I9) | M9: =IF(OR(A9="",D9=""),"",F9+G9+H9+L9+J9) | N9: =IF(OR(A9="",D9=""),"",K9-M9) | O9: =IF(OR(A9="",K9=0,K9=""),"",N9/K9) | P9: =IF(OR(A9="",(F9+G9+H9+J9)=0),"",N9/(F9+G9+H9+J9))
E10: =IF(C10="","",IFERROR(VLOOKUP(C10,'설정'!$A$15:$B$24,2,FALSE),0)) | F10: ='설정'!$C$5 | G10: 6000 | H10: ='설정'!$C$7 | I10: 0.1 | J10: 0 | K10: =IF(OR(A10="",D10=""),"",D10*E10) | L10: =IF(OR(A10="",D10=""),"",K10*I10) | M10: =IF(OR(A10="",D10=""),"",F10+G10+H10+L10+J10) | N10: =IF(OR(A10="",D10=""),"",K10-M10) | O10: =IF(OR(A10="",K10=0,K10=""),"",N10/K10) | P10: =IF(OR(A10="",(F10+G10+H10+J10)=0),"",N10/(F10+G10+H10+J10))
E11: =IF(C11="","",IFERROR(VLOOKUP(C11,'설정'!$A$15:$B$24,2,FALSE),0)) | F11: ='설정'!$C$5 | G11: 6000 | H11: ='설정'!$C$7 | I11: 0.1 | J11: 0 | K11: =IF(OR(A11="",D11=""),"",D11*E11) | L11: =IF(OR(A11="",D11=""),"",K11*I11) | M11: =IF(OR(A11="",D11=""),"",F11+G11+H11+L11+J11) | N11: =IF(OR(A11="",D11=""),"",K11-M11) | O11: =IF(OR(A11="",K11=0,K11=""),"",N11/K11) | P11: =IF(OR(A11="",(F11+G11+H11+J11)=0),"",N11/(F11+G11+H11+J11))
E12: =IF(C12="","",IFERROR(VLOOKUP(C12,'설정'!$A$15:$B$24,2,FALSE),0)) | F12: ='설정'!$C$5 | G12: 6000 | H12: ='설정'!$C$7 | I12: 0.1 | J12: 0 | K12: =IF(OR(A12="",D12=""),"",D12*E12) | L12: =IF(OR(A12="",D12=""),"",K12*I12) | M12: =IF(OR(A12="",D12=""),"",F12+G12+H12+L12+J12) | N12: =IF(OR(A12="",D12=""),"",K12-M12) | O12: =IF(OR(A12="",K12=0,K12=""),"",N12/K12) | P12: =IF(OR(A12="",(F12+G12+H12+J12)=0),"",N12/(F12+G12+H12+J12))
E13: =IF(C13="","",IFERROR(VLOOKUP(C13,'설정'!$A$15:$B$24,2,FALSE),0)) | F13: ='설정'!$C$5 | G13: 6000 | H13: ='설정'!$C$7 | I13: 0.1 | J13: 0 | K13: =IF(OR(A13="",D13=""),"",D13*E13) | L13: =IF(OR(A13="",D13=""),"",K13*I13) | M13: =IF(OR(A13="",D13=""),"",F13+G13+H13+L13+J13) | N13: =IF(OR(A13="",D13=""),"",K13-M13) | O13: =IF(OR(A13="",K13=0,K13=""),"",N13/K13) | P13: =IF(OR(A13="",(F13+G13+H13+J13)=0),"",N13/(F13+G13+H13+J13))
E14: =IF(C14="","",IFERROR(VLOOKUP(C14,'설정'!$A$15:$B$24,2,FALSE),0)) | F14: ='설정'!$C$5 | G14: 6000 | H14: ='설정'!$C$7 | I14: 0.1 | J14: 0 | K14: =IF(OR(A14="",D14=""),"",D14*E14) | L14: =IF(OR(A14="",D14=""),"",K14*I14) | M14: =IF(OR(A14="",D14=""),"",F14+G14+H14+L14+J14) | N14: =IF(OR(A14="",D14=""),"",K14-M14) | O14: =IF(OR(A14="",K14=0,K14=""),"",N14/K14) | P14: =IF(OR(A14="",(F14+G14+H14+J14)=0),"",N14/(F14+G14+H14+J14))
E15: =IF(C15="","",IFERROR(VLOOKUP(C15,'설정'!$A$15:$B$24,2,FALSE),0)) | F15: ='설정'!$C$5 | G15: 6000 | H15: ='설정'!$C$7 | I15: 0.1 | J15: 0 | K15: =IF(OR(A15="",D15=""),"",D15*E15) | L15: =IF(OR(A15="",D15=""),"",K15*I15) | M15: =IF(OR(A15="",D15=""),"",F15+G15+H15+L15+J15) | N15: =IF(OR(A15="",D15=""),"",K15-M15) | O15: =IF(OR(A15="",K15=0,K15=""),"",N15/K15) | P15: =IF(OR(A15="",(F15+G15+H15+J15)=0),"",N15/(F15+G15+H15+J15))
E16: =IF(C16="","",IFERROR(VLOOKUP(C16,'설정'!$A$15:$B$24,2,FALSE),0)) | F16: ='설정'!$C$5 | G16: 6000 | H16: ='설정'!$C$7 | I16: 0.1 | J16: 0 | K16: =IF(OR(A16="",D16=""),"",D16*E16) | L16: =IF(OR(A16="",D16=""),"",K16*I16) | M16: =IF(OR(A16="",D16=""),"",F16+G16+H16+L16+J16) | N16: =IF(OR(A16="",D16=""),"",K16-M16) | O16: =IF(OR(A16="",K16=0,K16=""),"",N16/K16) | P16: =IF(OR(A16="",(F16+G16+H16+J16)=0),"",N16/(F16+G16+H16+J16))
E17: =IF(C17="","",IFERROR(VLOOKUP(C17,'설정'!$A$15:$B$24,2,FALSE),0)) | F17: ='설정'!$C$5 | G17: 6000 | H17: ='설정'!$C$7 | I17: 0.1 | J17: 0 | K17: =IF(OR(A17="",D17=""),"",D17*E17) | L17: =IF(OR(A17="",D17=""),"",K17*I17) | M17: =IF(OR(A17="",D17=""),"",F17+G17+H17+L17+J17) | N17: =IF(OR(A17="",D17=""),"",K17-M17) | O17: =IF(OR(A17="",K17=0,K17=""),"",N17/K17) | P17: =IF(OR(A17="",(F17+G17+H17+J17)=0),"",N17/(F17+G17+H17+J17))
E18: =IF(C18="","",IFERROR(VLOOKUP(C18,'설정'!$A$15:$B$24,2,FALSE),0)) | F18: ='설정'!$C$5 | G18: 6000 | H18: ='설정'!$C$7 | I18: 0.1 | J18: 0 | K18: =IF(OR(A18="",D18=""),"",D18*E18) | L18: =IF(OR(A18="",D18=""),"",K18*I18) | M18: =IF(OR(A18="",D18=""),"",F18+G18+H18+L18+J18) | N18: =IF(OR(A18="",D18=""),"",K18-M18) | O18: =IF(OR(A18="",K18=0,K18=""),"",N18/K18) | P18: =IF(OR(A18="",(F18+G18+H18+J18)=0),"",N18/(F18+G18+H18+J18))
E19: =IF(C19="","",IFERROR(VLOOKUP(C19,'설정'!$A$15:$B$24,2,FALSE),0)) | F19: ='설정'!$C$5 | G19: 6000 | H19: ='설정'!$C$7 | I19: 0.1 | J19: 0 | K19: =IF(OR(A19="",D19=""),"",D19*E19) | L19: =IF(OR(A19="",D19=""),"",K19*I19) | M19: =IF(OR(A19="",D19=""),"",F19+G19+H19+L19+J19) | N19: =IF(OR(A19="",D19=""),"",K19-M19) | O19: =IF(OR(A19="",K19=0,K19=""),"",N19/K19) | P19: =IF(OR(A19="",(F19+G19+H19+J19)=0),"",N19/(F19+G19+H19+J19))
... E34: =IF(C34="","",IFERROR(VLOOKUP(C34,'설정'!$A$15:$B$24,2,FALSE),0)) | F34: ='설정'!$C$5 | G34: 6000 | H34: ='설정'!$C$7 | I34: 0.1 | J34: 0 | K34: =IF(OR(A34="",D34=""),"",D34*E34) | L34: =IF(OR(A34="",D34=""),"",K34*I34) | M34: =IF(OR(A34="",D34=""),"",F34+G34+H34+L34+J34) | N34: =IF(OR(A34="",D34=""),"",K34-M34) | O34: =IF(OR(A34="",K34=0,K34=""),"",N34/K34) | P34: =IF(OR(A34="",(F34+G34+H34+J34)=0),"",N34/(F34+G34+H34+J34))
A35: 합계 | K35: =SUM(K5:K34) | L35: =SUM(L5:L34) | M35: =SUM(M5:M34) | N35: =SUM(N5:N34) | O35: =IF(K35=0,"",N35/K35)
A37: 노랑 = 직접 입력 · 파랑 = 설정 시트에서 가져옴(덮어써도 됨) · 회색 = 자동 계산

Sheet 요약
A1: 요약 | E1: 다른 시트의 결과를 모아 보여줍니다. 여기서 고칠 값은 없습니다.
A3: 쇼피 — 8개국 중 최적
A4: 가장 남는 국가 | C4: =IFERROR(INDEX('쇼피 국가별'!$A$7:$A$14,MATCH(MAX('쇼피 국가별'!$L$7:$L$14),'쇼피 국가별'!$L$7:$L$14,0)),"") | E4: 읽는 법 · 마진율이 0 미만이면 빨강, 15% 이상이면 초록으로 표시됩니다. · '더 남는 쪽'은 개당 순이익만 비교한 결과입니다. 실제 선택은 시장 규모, 경쟁 강도, 정산 주기, 반품률까지 함께 봐야 합니다. · 값을 바꾸려면 [설정]·[쇼피 국가별]·[큐텐 재팬] 시트에서 고치세요.
A5: 순이익 | C5: =MAX('쇼피 국가별'!$L$7:$L$14)
A6: 마진율 | C6: =IFERROR(INDEX('쇼피 국가별'!$M$7:$M$14,MATCH(MAX('쇼피 국가별'!$L$7:$L$14),'쇼피 국가별'!$L$7:$L$14,0)),"")
A7: 적자 국가 수 | C7: =COUNTIF('쇼피 국가별'!$L$7:$L$14,"<0")&"개국"
A9: 큐텐 재팬
A10: 판매가격 (엔) | C10: ='큐텐 재팬'!$C$5
A11: 순이익 | C11: ='큐텐 재팬'!$C$18
A12: 마진율 | C12: ='큐텐 재팬'!$C$19
A13: 손익분기 환율 | C13: ='큐텐 재팬'!$C$26
A15: 어디에 파는 게 나은가
A16: 더 남는 쪽 | C16: =IF(MAX('쇼피 국가별'!$L$7:$L$14)>'큐텐 재팬'!$C$18,"쇼피 "&IFERROR(INDEX('쇼피 국가별'!$A$7:$A$14,MATCH(MAX('쇼피 국가별'!$L$7:$L$14),'쇼피 국가별'!$L$7:$L$14,0)),""),"큐텐 재팬")
A17: 순이익 차이 | C17: =ABS(MAX('쇼피 국가별'!$L$7:$L$14)-'큐텐 재팬'!$C$18)

Sheet 사용법
A1: 유어팀 마진 계산기 — 사용법 · 계산식
A3: 항목 | B3: 설명
A4: 시작하기 | B4: [설정] 시트에서 상품원가·배송비·포장비·광고비·반품률·목표마진율과 환율을 먼저 채우세요. 이 값들이 쇼피·큐텐·일괄계산 시트에 모두 적용됩니다.
A5: 칸 색깔 | B5: 노랑 = 직접 입력 / 파랑 = 설정 시트에서 가져온 값(그 시트만 다르게 하려면 그냥 덮어쓰면 됩니다) / 회색 = 자동 계산이니 건드리지 마세요.
A6: [설정] 환율표 | B6: 통화별 '1통화 = ?원'을 적는 곳입니다. 쇼피 시트의 환율 칸은 통화 코드로 이 표를 찾아오고, 큐텐 시트는 JPY 행을 봅니다. 환율은 매일 바뀌니 margin.ur-team.com 사이드바의 실시간 값을 옮겨 적으면 정확합니다.
A7: [쇼피 국가별] | B7: 싱가포르·말레이시아·태국·필리핀·베트남·대만·브라질·멕시코 8개국을 한 표에서 비교합니다. 국가마다 판매가·국제배송비·수수료율을 따로 넣으세요. 통화 칸은 목록에서 고를 수 있고, 환율은 자동으로 따라옵니다.
A8: [큐텐 재팬] | B8: 엔화 판매가 기준입니다. 손익분기 환율은 지금 판매가로 버틸 수 있는 최저 환율이라, 엔저가 진행될 때 판매가를 올릴 시점을 잡는 기준이 됩니다.
A9: [상품 일괄계산] | B9: 플랫폼과 통화를 섞어 상품 30개까지 한 번에 계산합니다. 통화만 고르면 환율은 자동입니다. 맨 아래에 합계와 전체 마진율이 나옵니다. 이 시트는 상품마다 조건이 다른 경우를 위해 비용을 행별로 직접 받으며, 국내배송비·광고비·반품손실 칸은 따로 두지 않았으니 '기타비용'에 합산해서 넣으세요. (그래서 같은 상품이라도 쇼피 시트보다 마진이 높게 나올 수 있습니다)
A10: [요약] | B10: 쇼피 8개국 중 가장 남는 곳과 큐텐 재팬을 나란히 비교합니다.
A11: 계산식 — 판매가(원) | B11: 현지통화 판매가 × 환율
A12: 계산식 — 수수료 | B12: 판매가(원) × 수수료율 (판매수수료 + 결제수수료)
A13: 계산식 — 쇼피 총비용 | B13: 상품원가 + 국내배송비 + 포장비 + 광고비 + 국제배송비 + 수수료 + 기타비용 + 반품손실
A14: 계산식 — 반품손실 | B14: 반품률 × (상품원가 + 국내배송비 + 포장비 + 국제배송비 + 수수료). 해외 판매는 반품 시 상품을 회수하기 어려워 원가와 이미 나간 비용을 그대로 잃는 경우가 많아 비용에 더합니다. 회수·재판매가 된다면 반품률을 0으로 두세요.
... A21: 열리는 프로그램 | B21: 엑셀, 구글 스프레드시트, 한셀, 넘버스, LibreOffice Calc 모두에서 수식이 그대로 동작합니다.
A23: ※ 이 파일의 계산 결과는 참고용 추정치입니다. 수수료율·환율·관세는 실제 정산 시점의 값과 다를 수 있습니다.
A24: 만든 곳 · 유어팀 글로벌 마진 계산기 https://margin.ur-team.com
